ID,named,createdAt,createdBy,modifiedAt,modifiedBy
23375645-1cbb-486a-85b1-9bde99d9a19e,named-23375645,2013-10-08T00:00:00.000Z,createdBy.dx0rh@example.net,2019-04-24T00:00:00.000Z,modifiedBy.dx0rh@example.com
16733043-ce70-48f7-9686-a956053c9399,named-16733043,2018-01-15T00:00:00.000Z,createdBy.9ynar@example.org,2016-08-13T00:00:00.000Z,modifiedBy.9ynar@example.net
16733044-e905-424b-8c46-3b59e2308a31,named-16733044,2015-06-02T00:00:00.000Z,createdBy.9ynas@example.com,2007-04-27T00:00:00.000Z,modifiedBy.9ynas@example.org
16733045-889e-4ddf-b2d0-194981e4dc08,named-16733045,2010-01-03T00:00:00.000Z,createdBy.9ynat@example.net,2005-12-14T00:00:00.000Z,modifiedBy.9ynat@example.com
16733046-8c0e-45d4-bd51-a3383389214a,named-16733046,2003-06-03T00:00:00.000Z,createdBy.9ynau@example.com,2003-07-11T00:00:00.000Z,modifiedBy.9ynau@example.net
16733047-dba5-4c22-9760-fc69416b5ba1,named-16733047,2018-11-18T00:00:00.000Z,createdBy.9ynav@example.com,2013-02-27T00:00:00.000Z,modifiedBy.9ynav@example.org
16733048-2609-423c-a453-bfe2addc139c,named-16733048,2011-10-03T00:00:00.000Z,createdBy.9ynaw@example.org,2012-03-04T00:00:00.000Z,modifiedBy.9ynaw@example.com
16733049-9e67-4817-aa86-0b8bb57eedee,named-16733049,2016-08-08T00:00:00.000Z,createdBy.9ynax@example.net,2002-05-28T00:00:00.000Z,modifiedBy.9ynax@example.net
16733050-36fa-4fd3-b079-df8c1d964448,named-16733050,2004-01-19T00:00:00.000Z,createdBy.9ynay@example.org,2020-02-08T00:00:00.000Z,modifiedBy.9ynay@example.net
16733051-6dff-4df2-a2cd-6b9b97bc16d2,named-16733051,2020-10-18T00:00:00.000Z,createdBy.9ynaz@example.org,2009-07-09T00:00:00.000Z,modifiedBy.9ynaz@example.com